test_row,actual_score,predicted_score,absolute_error
1,59.62,62.10,2.48
2,43.77,43.17,0.60
3,40.98,40.17,0.81
4,69.72,68.44,1.28
5,44.04,43.79,0.25
6,55.88,58.37,2.49
7,44.37,38.52,5.85
8,50.05,45.16,4.89
9,59.74,61.17,1.43
10,55.57,55.36,0.21
11,60.29,56.49,3.80
12,55.10,57.79,2.69
13,70.01,69.69,0.32
14,36.01,35.77,0.24
15,46.29,51.09,4.80
16,62.16,64.58,2.42
17,64.34,67.69,3.35
18,69.44,57.53,11.91
19,48.28,45.65,2.63
20,56.98,57.31,0.33
21,48.15,46.08,2.07
22,71.18,67.68,3.50
23,55.85,54.67,1.18
24,47.30,41.30,6.00
