study_hours,attendance,previous_score,sleep_hours,tutoring,learning_mode,final_score
,57,87,8.23,no,classroom,69.44
4.95,79,89,8.09,yes,online,62.22
8.73,54,52,5.55,yes,group,52.18
7.28,,90,6.89,yes,classroom,75.58
1.85,82,46,7.23,no,group,40.98
9.78,54,69,8.40,yes,online,68.36
7.85,88,66,7.21,no,online,62.73
8.07,71,,6.36,no,classroom,61.07
2.15,90,41,6.18,yes,group,44.34
5.05,52,83,6.42,no,classroom,54.31
4.34,59,58,7.43,no,classroom,50.05
9.34,75,77,,yes,online,70.01
6.79,59,62,6.54,yes,online,51.54
8.40,66,60,5.62,,online,57.54
4.99,83,89,5.56,yes,classroom,66.07
3.05,57,45,7.86,yes,classroom,34.63
5.99,84,81,8.17,no,classroom,66.15
,55,81,4.97,yes,,44.40
8.45,58,61,4.80,yes,online,60.29
6.68,79,54,7.17,no,online,47.48
7.82,90,40,5.16,no,online,51.79
4.19,58,92,8.21,no,group,53.04
9.74,,93,5.90,no,online,69.20
9.04,97,53,5.15,no,online,64.23
8.01,100,41,8.64,yes,online,61.01
2.75,79,46,5.24,no,online,40.12
5.20,72,43,5.78,no,online,44.04
1.39,67,86,5.19,no,classroom,49.06
2.39,81,89,5.02,yes,classroom,54.36
7.15,80,48,4.60,no,group,55.55
7.70,65,81,4.75,no,online,63.69
9.71,51,50,5.29,yes,online,55.85
3.93,57,60,4.74,no,classroom,44.59
4.33,98,73,7.16,no,online,61.07
,71,80,7.56,yes,online,66.46
2.71,74,88,6.27,no,online,54.56
2.17,73,42,5.93,,online,36.01
5.28,89,51,6.77,yes,online,52.10
3.04,53,,8.44,no,group,38.07
7.03,54,57,8.33,yes,online,49.29
4.93,64,95,4.70,yes,group,59.74
8.49,,83,5.32,no,group,67.76
7.30,84,57,5.57,no,online,58.55
3.81,75,94,5.62,yes,group,62.71
8.49,72,67,7.07,no,classroom,59.62
8.24,97,68,6.37,no,group,71.18
4.49,58,64,4.72,yes,,51.17
3.59,79,48,6.18,no,online,43.77
7.14,77,92,,yes,group,69.46
2.26,74,40,4.96,no,online,37.76
2.80,91,49,8.25,no,classroom,47.41
,63,52,4.73,no,group,31.11
8.08,98,55,8.66,yes,classroom,65.95
6.98,66,47,4.95,no,classroom,49.16
7.35,77,41,8.30,yes,online,51.24
8.03,76,77,8.56,yes,group,69.72
5.13,93,94,8.91,yes,online,66.96
6.12,72,46,8.11,no,online,53.27
2.26,64,56,8.01,yes,classroom,46.79
2.03,51,68,7.39,,classroom,40.30
7.02,,91,8.01,no,classroom,67.28
5.24,92,78,5.11,yes,classroom,56.23
6.09,50,82,6.91,yes,group,55.10
7.88,95,72,6.81,yes,group,69.87
6.71,77,63,8.36,no,group,55.88
5.98,57,51,6.58,no,classroom,48.15
6.03,65,88,6.23,yes,classroom,68.86
3.74,78,85,7.38,no,classroom,54.49
,66,41,5.70,yes,online,31.95
4.93,55,,5.13,no,online,52.86
2.93,83,44,6.65,no,online,47.30
4.68,84,81,6.38,no,classroom,56.20
8.68,56,86,5.55,no,group,65.88
3.11,64,47,6.15,no,classroom,44.37
1.52,62,64,6.15,yes,classroom,37.45
3.53,83,46,5.97,yes,,43.42
3.64,87,71,6.21,yes,group,56.16
6.96,87,91,7.59,no,classroom,68.98
6.01,97,44,5.84,no,online,55.62
8.06,,62,8.77,no,group,66.07
6.98,66,94,8.62,no,group,62.70
4.66,55,56,6.66,yes,group,48.54
8.33,81,47,5.98,,online,54.37
2.50,96,67,6.91,yes,online,58.68
1.20,99,68,8.32,yes,group,52.67
,61,77,,no,classroom,44.28
7.50,62,57,8.12,no,classroom,55.70
5.16,51,93,6.90,no,online,59.62
2.45,57,69,7.35,yes,group,48.28
5.51,78,56,5.80,no,classroom,46.29
2.37,77,93,7.81,yes,online,61.03
7.27,68,91,5.41,no,online,62.16
5.02,65,67,7.63,no,online,52.52
4.43,92,41,8.37,yes,group,47.18
3.71,73,73,5.09,yes,classroom,54.48
6.67,91,71,7.26,yes,group,64.22
4.26,99,48,4.93,no,online,46.30
1.79,66,75,7.77,no,group,50.02
2.06,,87,4.88,no,online,49.26
9.66,98,45,8.71,no,classroom,62.78
9.18,82,,5.12,no,group,74.87
7.30,64,47,8.81,yes,group,52.66
,81,81,8.10,no,classroom,57.04
9.72,76,63,7.17,yes,group,68.47
8.01,96,40,8.02,no,,56.98
7.45,63,94,8.08,,online,68.54
5.04,100,49,8.76,no,group,54.41
3.45,97,73,5.64,no,online,55.57
1.87,59,50,7.16,yes,online,42.30
9.12,58,92,4.93,no,classroom,64.34
5.10,77,81,7.27,yes,group,55.48
2.82,52,85,5.27,no,classroom,52.80
3.75,65,64,7.04,yes,group,57.91
6.21,72,66,7.08,yes,online,56.66
2.59,99,75,6.60,yes,online,52.63
8.71,100,83,6.85,yes,classroom,76.00
7.83,57,87,7.94,yes,group,66.17
7.48,,40,8.10,no,classroom,55.73
4.89,54,77,6.71,no,online,48.36
,88,46,7.20,yes,group,58.77
