original_tutoring,tutoring_label,original_learning_mode,learning_mode_classroom,learning_mode_group,learning_mode_online
no,0,online,0,0,1
no,0,classroom,1,0,0
yes,1,group,0,1,0
no,0,classroom,1,0,0
yes,1,online,0,0,1
yes,1,classroom,1,0,0
yes,1,group,0,1,0
no,0,online,0,0,1
no,0,group,0,1,0
yes,1,classroom,1,0,0
no,0,online,0,0,1
yes,1,classroom,1,0,0
no,0,group,0,1,0
yes,1,online,0,0,1
yes,1,group,0,1,0
no,0,classroom,1,0,0
no,0,online,0,0,1
yes,1,classroom,1,0,0
yes,1,group,0,1,0
no,0,classroom,1,0,0
yes,1,online,0,0,1
no,0,classroom,1,0,0
no,0,group,0,1,0
yes,1,online,0,0,1
yes,1,classroom,1,0,0
yes,1,online,0,0,1
no,0,group,0,1,0
no,0,classroom,1,0,0
yes,1,group,0,1,0
no,0,online,0,0,1
yes,1,classroom,1,0,0
no,0,online,0,0,1
yes,1,group,0,1,0
no,0,classroom,1,0,0
yes,1,online,0,0,1
yes,1,group,0,1,0
no,0,classroom,1,0,0
yes,1,online,0,0,1
no,0,group,0,1,0
yes,1,classroom,1,0,0
