test_row,actual_species,predicted_species,confidence
1,setosa,setosa,0.9788
2,virginica,virginica,0.6270
3,versicolor,versicolor,0.8425
4,versicolor,versicolor,0.8946
5,setosa,setosa,0.9885
6,versicolor,versicolor,0.6755
7,setosa,setosa,0.9962
8,setosa,setosa,0.9410
9,virginica,virginica,0.8557
10,versicolor,versicolor,0.7371
11,virginica,virginica,0.9149
12,virginica,virginica,0.9479
13,virginica,virginica,0.9678
14,versicolor,versicolor,0.7894
15,setosa,setosa,0.9765
16,setosa,setosa,0.9709
17,setosa,setosa,0.9867
18,versicolor,versicolor,0.9397
19,versicolor,versicolor,0.7919
20,virginica,virginica,0.5960
21,setosa,setosa,0.9798
22,virginica,virginica,0.9813
23,versicolor,versicolor,0.8696
24,virginica,versicolor,0.5145
25,virginica,virginica,0.9640
26,versicolor,virginica,0.5569
27,versicolor,versicolor,0.8542
28,setosa,setosa,0.9648
29,virginica,virginica,0.7836
30,setosa,setosa,0.9686
