study_hours,attendance,previous_score,learning_mode,tutoring,passed
2.0,55,48,online,no,0
3.0,62,52,classroom,no,0
4.5,70,58,group,yes,0
5.0,75,61,classroom,no,1
6.5,82,68,online,yes,1
7.0,88,74,classroom,yes,1
8.5,92,81,group,yes,1
1.5,50,44,online,no,0
3.5,65,55,group,no,0
5.5,78,64,classroom,yes,1
6.0,80,67,online,no,1
7.5,90,78,classroom,yes,1
2.5,58,49,group,no,0
4.0,68,57,online,yes,0
5.8,79,66,group,yes,1
8.0,94,84,classroom,no,1
2.8,,51,online,no,0
4.8,72,,classroom,yes,1
,85,71,group,yes,1
3.2,60,53,,no,0
6.8,87,73,online,,1
1.8,52,46,classroom,no,0
4.2,69,59,group,no,0
5.2,76,63,online,yes,1
7.2,89,76,classroom,yes,1
8.8,96,88,online,yes,1
2.2,57,47,group,no,0
3.8,66,56,classroom,no,0
5.7,81,69,group,yes,1
6.3,83,70,online,no,1
7.8,91,80,classroom,yes,1
1.2,48,42,online,no,0
3.3,64,54,group,yes,0
4.7,73,60,classroom,no,1
6.1,84,72,online,yes,1
8.2,93,85,group,yes,1
2.7,59,50,classroom,no,0
4.3,71,62,online,yes,1
5.9,77,65,group,no,1
7.4,86,75,classroom,yes,1

