test_row,actual_class,predicted_class,confidence
1,malignant,malignant,1.0000
2,benign,benign,1.0000
3,malignant,malignant,0.8800
4,benign,malignant,0.7450
5,malignant,malignant,0.9900
6,benign,benign,0.9850
7,benign,benign,0.9700
8,malignant,malignant,0.9950
9,malignant,malignant,1.0000
10,malignant,malignant,1.0000
11,benign,benign,0.9900
12,malignant,malignant,0.9050
13,benign,benign,0.9850
14,malignant,malignant,1.0000
15,malignant,malignant,0.9900
16,benign,benign,0.8550
17,benign,benign,0.5050
18,benign,benign,0.8700
19,benign,benign,0.9900
20,benign,benign,0.8100
21,malignant,malignant,0.9900
22,malignant,malignant,0.7050
23,benign,benign,0.9950
24,benign,benign,0.9400
25,benign,benign,0.9900
26,benign,malignant,0.6500
27,malignant,malignant,0.9900
28,benign,benign,1.0000
29,benign,benign,1.0000
30,benign,benign,0.9850
31,benign,benign,0.7350
32,benign,benign,1.0000
33,benign,benign,0.9950
34,benign,benign,0.8500
35,malignant,malignant,1.0000
36,malignant,benign,0.6800
37,benign,benign,0.9950
38,benign,benign,0.7200
39,benign,benign,0.8150
40,malignant,malignant,1.0000
41,benign,benign,0.9950
42,benign,benign,1.0000
43,benign,benign,0.9900
44,malignant,malignant,1.0000
45,malignant,malignant,0.9850
46,benign,benign,0.6450
47,benign,benign,1.0000
48,benign,benign,1.0000
49,benign,benign,0.6300
50,malignant,malignant,1.0000
51,benign,benign,0.9700
52,benign,benign,0.8600
53,benign,benign,0.9950
54,malignant,benign,0.6350
55,benign,benign,0.9750
56,benign,benign,1.0000
57,benign,benign,0.9950
58,malignant,malignant,0.9650
59,malignant,malignant,0.9850
60,benign,benign,0.9600
61,benign,benign,1.0000
62,benign,benign,1.0000
63,benign,benign,0.9950
64,benign,benign,0.9750
65,malignant,malignant,0.9950
66,malignant,benign,0.7000
67,benign,benign,0.6650
68,benign,benign,0.9800
69,benign,benign,0.9050
70,benign,benign,0.8750
71,benign,benign,0.9600
72,benign,benign,0.9850
73,benign,benign,1.0000
74,malignant,malignant,0.9900
75,malignant,malignant,1.0000
76,malignant,malignant,0.9750
77,malignant,malignant,0.8950
78,benign,benign,0.9950
79,benign,benign,0.9950
80,benign,benign,1.0000
81,benign,benign,0.9450
82,benign,benign,0.9950
83,malignant,malignant,0.9950
84,benign,benign,1.0000
85,malignant,malignant,0.6600
86,benign,benign,0.9850
87,benign,benign,0.9600
88,benign,benign,0.9900
89,benign,benign,0.9800
90,benign,benign,0.9650
91,benign,benign,0.8650
92,benign,benign,0.9950
93,malignant,malignant,1.0000
94,malignant,malignant,0.9650
95,malignant,malignant,0.9700
96,benign,benign,1.0000
97,malignant,malignant,0.9850
98,benign,benign,1.0000
99,malignant,malignant,0.9950
100,benign,benign,0.9250
101,malignant,malignant,0.9600
102,malignant,malignant,1.0000
103,malignant,malignant,0.8900
104,benign,benign,0.9850
105,malignant,malignant,1.0000
106,malignant,malignant,1.0000
107,benign,benign,0.9850
108,malignant,malignant,1.0000
109,benign,benign,0.9350
110,malignant,malignant,1.0000
111,benign,benign,0.5950
112,malignant,malignant,0.9850
113,benign,benign,0.8850
114,benign,benign,1.0000
