test_row,actual_species,predicted_species
1,setosa,setosa
2,virginica,virginica
3,versicolor,versicolor
4,versicolor,versicolor
5,setosa,setosa
6,versicolor,versicolor
7,setosa,setosa
8,setosa,setosa
9,virginica,virginica
10,versicolor,versicolor
11,virginica,virginica
12,virginica,virginica
13,virginica,virginica
14,versicolor,versicolor
15,setosa,setosa
16,setosa,setosa
17,setosa,setosa
18,versicolor,versicolor
19,versicolor,versicolor
20,virginica,virginica
21,setosa,setosa
22,virginica,virginica
23,versicolor,versicolor
24,virginica,virginica
25,virginica,virginica
26,versicolor,virginica
27,versicolor,versicolor
28,setosa,setosa
29,virginica,virginica
30,setosa,setosa
