rank,criterion,max_depth,min_samples_split,mean_training_accuracy,mean_validation_accuracy,validation_std_dev
1,entropy,4,10,0.9786,0.9363,0.0213
2,entropy,3,2,0.9769,0.9341,0.0241
2,entropy,3,5,0.9769,0.9341,0.0241
2,entropy,3,10,0.9742,0.9341,0.0241
2,entropy,4,2,0.9852,0.9341,0.0139
2,entropy,4,5,0.9846,0.9341,0.0139
7,gini,2,2,0.9615,0.9319,0.0189
7,gini,2,5,0.9615,0.9319,0.0189
7,gini,2,10,0.9615,0.9319,0.0189
10,gini,4,2,0.9879,0.9297,0.0149
11,entropy,5,2,0.9956,0.9297,0.0237
11,entropy,,2,1.0000,0.9297,0.0237
13,gini,3,5,0.9786,0.9275,0.0054
13,gini,3,10,0.9780,0.9275,0.0054
13,gini,4,10,0.9813,0.9275,0.0054
13,entropy,5,5,0.9918,0.9275,0.0204
13,entropy,,5,0.9951,0.9275,0.0226
18,gini,3,2,0.9791,0.9253,0.0082
18,gini,4,5,0.9841,0.9253,0.0044
20,entropy,5,10,0.9857,0.9253,0.0213
20,entropy,,10,0.9874,0.9253,0.0213
22,gini,5,2,0.9923,0.9231,0.0120
23,entropy,2,2,0.9549,0.9209,0.0176
23,entropy,2,5,0.9549,0.9209,0.0176
23,entropy,2,10,0.9549,0.9209,0.0176
26,gini,5,10,0.9835,0.9209,0.0189
27,gini,5,5,0.9863,0.9187,0.0179
27,gini,,5,0.9912,0.9187,0.0132
27,gini,,10,0.9863,0.9187,0.0164
30,gini,,2,1.0000,0.9165,0.0179
